{
  "Beijing-Opera": [
    0.9747,
    0.9066,
    0.9787,
    0.9533333333333333
  ],
  "CREMA-D": [
    0.4453,
    0.358,
    0.2344,
    0.34589999999999993
  ],
  "ESC50-Actions": [
    0.97,
    0.9625,
    0.965,
    0.9658333333333333
  ],
  "ESC50": [
    0.956,
    0.96,
    0.962,
    0.9593333333333334
  ],
  "GT-Music-Genre": [
    0.79,
    0.785,
    0.825,
    0.8000000000000002
  ],
  "NS-Instruments": [
    0.6394,
    0.6108,
    0.6648,
    0.6383333333333333
  ],
  "RAVDESS": [
    0.4562,
    0.4603,
    0.4623,
    0.4596
  ],
  "SESA": [
    0.8857,
    0.9143,
    0.8857,
    0.8952333333333334
  ],
  "TUT2017": [
    0.7959,
    0.8047,
    0.7729,
    0.7911666666666667
  ],
  "UrbanSound8K": [
    0.812,
    0.8037,
    0.8074,
    0.8077
  ],
  "VocalSound": [
    0.8101,
    0.8168,
    0.7964,
    0.8077666666666667
  ]
}