{
  "Beijing-Opera": [
    0.9738,
    0.9046,
    0.9786,
    0.9523333333333334
  ],
  "CREMA-D": [
    0.3277,
    0.3083,
    0.199,
    0.2783333333333333
  ],
  "ESC50-Actions": [
    0.9698,
    0.962,
    0.9644,
    0.9653999999999999
  ],
  "ESC50": [
    0.9544,
    0.9591,
    0.9614,
    0.9583
  ],
  "GT-Music-Genre": [
    0.7914,
    0.7888,
    0.8257,
    0.8019666666666666
  ],
  "NS-Instruments": [
    0.6418,
    0.6062,
    0.6834,
    0.6438
  ],
  "RAVDESS": [
    0.4486,
    0.4718,
    0.4435,
    0.4546333333333334
  ],
  "SESA": [
    0.8955,
    0.9197,
    0.8805,
    0.8985666666666666
  ],
  "TUT2017": [
    0.7942,
    0.8024,
    0.772,
    0.7895333333333333
  ],
  "UrbanSound8K": [
    0.8158,
    0.8071,
    0.8101,
    0.8109999999999999
  ],
  "VocalSound": [
    0.8107,
    0.8179,
    0.7972,
    0.8086000000000001
  ]
}