{
  "Beijing-Opera": [
    0.9323,
    0.966,
    0.9619,
    0.9533999999999999
  ],
  "CREMA-D": [
    0.313,
    0.4197,
    0.276,
    0.3362333333333334
  ],
  "ESC50-Actions": [
    0.9625,
    0.94,
    0.955,
    0.9525
  ],
  "ESC50": [
    0.941,
    0.939,
    0.9345,
    0.9381666666666666
  ],
  "GT-Music-Genre": [
    0.725,
    0.695,
    0.735,
    0.7183333333333333
  ],
  "NS-Instruments": [
    0.5728,
    0.5562,
    0.6177,
    0.5822333333333334
  ],
  "RAVDESS": [
    0.3849,
    0.2688,
    0.3422,
    0.3319666666666667
  ],
  "SESA": [
    0.9143,
    0.8952,
    0.8762,
    0.8952333333333332
  ],
  "TUT2017": [
    0.6391,
    0.6667,
    0.6525,
    0.6527666666666666
  ],
  "UrbanSound8K": [
    0.76,
    0.7378,
    0.7666,
    0.7548
  ],
  "VocalSound": [
    0.7162,
    0.7485,
    0.6642,
    0.7096333333333334
  ]
}