{
  "Beijing-Opera": [
    0.9309,
    0.965,
    0.9605,
    0.9521333333333333
  ],
  "CREMA-D": [
    0.2609,
    0.2745,
    0.2389,
    0.25810000000000005
  ],
  "ESC50-Actions": [
    0.9618,
    0.939,
    0.9532,
    0.9513333333333334
  ],
  "ESC50": [
    0.9399,
    0.9369,
    0.9335,
    0.9367666666666666
  ],
  "GT-Music-Genre": [
    0.719,
    0.6937,
    0.7153,
    0.7093333333333334
  ],
  "NS-Instruments": [
    0.6028,
    0.5593,
    0.6153,
    0.5924666666666667
  ],
  "RAVDESS": [
    0.3668,
    0.2385,
    0.3075,
    0.30426666666666663
  ],
  "SESA": [
    0.9044,
    0.8959,
    0.8639,
    0.8880666666666667
  ],
  "TUT2017": [
    0.6315,
    0.6596,
    0.6409,
    0.644
  ],
  "UrbanSound8K": [
    0.7577,
    0.7382,
    0.761,
    0.7523
  ],
  "VocalSound": [
    0.6953,
    0.7481,
    0.6606,
    0.7013333333333334
  ]
}