{
  "Beijing-Opera": [
    0.9577,
    0.983,
    0.9916,
    0.9774333333333334
  ],
  "CREMA-D": [
    0.2539,
    0.3358,
    0.3156,
    0.3017666666666667
  ],
  "ESC50-Actions": [
    0.97,
    0.9625,
    0.965,
    0.9658333333333333
  ],
  "ESC50": [
    0.946,
    0.937,
    0.945,
    0.9426666666666667
  ],
  "GT-Music-Genre": [
    0.75,
    0.745,
    0.76,
    0.7516666666666666
  ],
  "NS-Instruments": [
    0.5996,
    0.574,
    0.6438,
    0.6058
  ],
  "RAVDESS": [
    0.3727,
    0.4399,
    0.3523,
    0.38830000000000003
  ],
  "SESA": [
    0.8381,
    0.8762,
    0.8952,
    0.8698333333333332
  ],
  "TUT2017": [
    0.7499,
    0.7215,
    0.7312,
    0.7342
  ],
  "UrbanSound8K": [
    0.7576,
    0.7784,
    0.7597,
    0.7652333333333333
  ],
  "VocalSound": [
    0.8081,
    0.7825,
    0.7463,
    0.7789666666666667
  ]
}