{
  "Beijing-Opera": [
    0.9556,
    0.9824,
    0.991,
    0.9763333333333334
  ],
  "CREMA-D": [
    0.2267,
    0.2681,
    0.2851,
    0.2599666666666667
  ],
  "ESC50-Actions": [
    0.9703,
    0.9621,
    0.9648,
    0.9657333333333332
  ],
  "ESC50": [
    0.9448,
    0.9351,
    0.9431,
    0.9410000000000002
  ],
  "GT-Music-Genre": [
    0.7383,
    0.7417,
    0.7623,
    0.7474333333333334
  ],
  "NS-Instruments": [
    0.6199,
    0.584,
    0.6417,
    0.6152000000000001
  ],
  "RAVDESS": [
    0.3634,
    0.4351,
    0.3436,
    0.38070000000000004
  ],
  "SESA": [
    0.8425,
    0.8821,
    0.8847,
    0.8697666666666667
  ],
  "TUT2017": [
    0.7474,
    0.7198,
    0.7246,
    0.7306
  ],
  "UrbanSound8K": [
    0.7581,
    0.7741,
    0.7555,
    0.7625666666666667
  ],
  "VocalSound": [
    0.8054,
    0.7759,
    0.7451,
    0.7754666666666666
  ]
}